{
  "roc_auc": 0.9740078009256601,
  "pr_auc": 0.7186953294266318,
  "f1": 0.664,
  "precision": 0.5460526315789473,
  "recall": 0.8469387755102041,
  "confusion_matrix": [
    [
      56795,
      69
    ],
    [
      15,
      83
    ]
  ],
  "threshold": 0.99
}