{
  "roc_auc": 0.9776265317607066,
  "pr_auc": 0.8794125677605752,
  "f1": 0.8494623655913979,
  "precision": 0.8977272727272727,
  "recall": 0.8061224489795918,
  "confusion_matrix": [
    [
      56855,
      9
    ],
    [
      19,
      79
    ]
  ],
  "threshold": 0.8877794146537781
}